id;type;sequence;start_date;end_date;persona
1;PRACTICAL_TRAINING;13837;2020-03-15T04:16:55;2020-03-14T16:30:28;sensor Engineer
2;CREATE_USER_DELIVERY;69113;2020-03-15T00:14:30;2020-03-15T14:09:52;Guyana Dollar Cambridgeshire system
3;ROAD_TEST;55298;2020-03-14T17:54:13;2020-03-15T03:05:51;quantify
4;EYE_TEST;5787;2020-03-15T08:21:47;2020-03-14T23:58:55;JBOD salmon
5;CREATE_USER_DELIVERY;65722;2020-03-14T15:37:58;2020-03-14T21:08:32;Tasty
6;APPLICATION_REJECTION;65682;2020-03-15T02:00:23;2020-03-14T19:38:26;Incredible Rubber Salad Chips
7;GET_REQUEST_DETAILS;54390;2020-03-15T00:06:54;2020-03-14T15:04:29;Norwegian Krone Liaison
8;DRIVING_LEARNING_FILE_PROCESSING;38116;2020-03-15T08:25:03;2020-03-15T09:24:23;Interactions Jordanian Dinar
9;DRIVING_LEARNING_FILE_PROCESSING;44644;2020-03-15T01:05:52;2020-03-14T16:07:37;scale virtual Extended
10;ADVANCED_PRACTICAL_TRAINING;68286;2020-03-15T13:22:40;2020-03-14T19:22:33;bypassing
