id;code;description;description_content_type;summary;summary_content_type;status;sort_order;created_by;created_date;last_modified_by;last_modified_date
1;Towels Corporate;../fake-data/blob/hipster.png;image/png;../fake-data/blob/hipster.png;image/png;Money Market Account schemas system;96529;Awesome Checking Account program;2020-03-15T05:38:18;Communications mobile Mission;2020-03-14T21:53:59
2;enhance Program Frozen;../fake-data/blob/hipster.png;image/png;../fake-data/blob/hipster.png;image/png;extensible Montana;52783;withdrawal Saint Helena Pound Gorgeous;2020-03-14T16:23:17;Delaware deliverables;2020-03-15T11:44:50
3;Frozen Rhode Island Expanded;../fake-data/blob/hipster.png;image/png;../fake-data/blob/hipster.png;image/png;robust Money Market Account morph;2421;Buckinghamshire Principal Liaison;2020-03-15T03:42:11;Engineer;2020-03-15T05:54:43
4;Coordinator;../fake-data/blob/hipster.png;image/png;../fake-data/blob/hipster.png;image/png;frictionless Solutions hack;31755;payment;2020-03-15T06:26:13;portals;2020-03-15T10:13:44
5;cyan Netherlands Antillian Guilder;../fake-data/blob/hipster.png;image/png;../fake-data/blob/hipster.png;image/png;web-readiness artificial intelligence;42998;Planner;2020-03-15T07:11:39;Architect;2020-03-15T07:04:07
6;architecture monitor;../fake-data/blob/hipster.png;image/png;../fake-data/blob/hipster.png;image/png;Corporate Boliviano Mvdol;47264;mesh;2020-03-15T11:03:23;drive;2020-03-15T02:32:43
7;Internal magenta;../fake-data/blob/hipster.png;image/png;../fake-data/blob/hipster.png;image/png;Checking Account Intelligent back up;38123;synthesizing;2020-03-14T19:24:39;salmon;2020-03-14T18:50:43
8;Wooden;../fake-data/blob/hipster.png;image/png;../fake-data/blob/hipster.png;image/png;envisioneer Home deliver;36664;Palladium front-end;2020-03-14T18:21:46;Graphical User Interface Cambridgeshire;2020-03-15T02:20:24
9;Home Loan Account Lao People's Democratic Republic;../fake-data/blob/hipster.png;image/png;../fake-data/blob/hipster.png;image/png;Licensed Frozen Tuna withdrawal bluetooth;21122;User-friendly intuitive;2020-03-15T05:45:31;Practical Cotton Pizza Dynamic;2020-03-14T13:58:20
10;Berkshire synthesize;../fake-data/blob/hipster.png;image/png;../fake-data/blob/hipster.png;image/png;payment parsing Automotive;35714;tan Vanuatu Soft;2020-03-15T03:27:13;Planner;2020-03-14T16:17:00
