id;source;cause;message;created_by;created_date;last_modified_by;last_modified_date
1;applications;../fake-data/blob/hipster.txt;../fake-data/blob/hipster.txt;embrace Data interface;2020-03-17T13:31:28;International motivating Convertible Marks;2020-03-17T10:07:59
2;Salad interface Metal;../fake-data/blob/hipster.txt;../fake-data/blob/hipster.txt;backing up;2020-03-18T00:00:12;Squares input Games;2020-03-17T06:26:29
3;protocol;../fake-data/blob/hipster.txt;../fake-data/blob/hipster.txt;invoice;2020-03-17T22:54:21;Prairie;2020-03-17T07:39:42
4;Clothing Borders XML;../fake-data/blob/hipster.txt;../fake-data/blob/hipster.txt;Avon e-tailers circuit;2020-03-17T09:00:09;Credit Card Account benchmark Security;2020-03-17T12:31:00
5;Checking Account deliverables;../fake-data/blob/hipster.txt;../fake-data/blob/hipster.txt;Baby North Dakota;2020-03-17T23:02:04;digital transparent;2020-03-17T16:46:45
6;Iceland Krona;../fake-data/blob/hipster.txt;../fake-data/blob/hipster.txt;backing up Wooden;2020-03-17T07:46:11;Rand Loti impactful;2020-03-17T05:23:09
7;wireless Table connecting;../fake-data/blob/hipster.txt;../fake-data/blob/hipster.txt;algorithm;2020-03-17T11:35:26;alarm Belize;2020-03-17T16:29:11
8;analyzing Checking Account Checking Account;../fake-data/blob/hipster.txt;../fake-data/blob/hipster.txt;Regional overriding;2020-03-17T17:01:45;Cambridgeshire;2020-03-17T18:58:13
9;Home Loan Account bluetooth;../fake-data/blob/hipster.txt;../fake-data/blob/hipster.txt;connecting;2020-03-17T21:36:33;Oregon index Tasty;2020-03-17T08:21:55
10;connecting;../fake-data/blob/hipster.txt;../fake-data/blob/hipster.txt;applications architectures;2020-03-17T10:29:54;Berkshire Nepalese Rupee;2020-03-17T13:02:17
